{
  "title": "Ethics-Core Constitutional AI Framework v1.4.2",
  "description": "Open constitutional module for internal AI ethics: invariants, escalation levels, 20s emergency mode, red lines, AAR-based evolution, evaluation suite, and compliance mapping. / Відкритий конституційний модуль внутрішньої етики ШІ: інваріанти, рівні ескалації, 20-секундний екстрений режим, червоні лінії, еволюція через AAR, тестовий пакет та мапа комплаєнсу.",
  "creators": [
    {
      "name": "Olexandr Lozovyi",
      "affiliation": "Independent Researcher, Lviv, Ukraine"
    }
  ],
  "license": "CC-BY-4.0",
  "keywords": [
    "Constitutional AI",
    "AI alignment",
    "AI ethics",
    "safety",
    "AAR",
    "governance"
  ],
  "related_identifiers": [
    {
      "relation": "isSupplementTo",
      "identifier": "https://github.com/alexlozovoy/ethics-core",
      "scheme": "url"
    }
  ],
  "upload_type": "software",
  "access_right": "open"
}